{
    "schnack_host": "https://schnack.example.com",
    "page_url": "https://blog.example.com/posts/%SLUG%",
    "port": 3000,
    "database": {
        "comments": "comments.db",
        "sessions": "sessions.db"
    },
    "admins": [1],
    "plugins": {
        "auth-twitter": {
            "consumer_key": "xxxxx",
            "consumer_secret": "xxxxx"
        },
        "auth-github": {
            "client_id": "xxxxx",
            "client_secret": "xxxxx"
        },
        "auth-google": {
            "client_id": "xxxxx",
            "client_secret": "xxxxx"
        },
        "auth-facebook": {
            "client_id": "xxxxx",
            "client_secret": "xxxxx"
        },
        "auth-mastodon": {
            "app_name": "your website name",
            "app_website": "https://blog.example.com/"
        },
        "notify-pushover": {
            "app_token": "xxxxx",
            "user_key": "xxxxx"
        },
        "notify-webpush": {
            "vapid_public_key": "xxxxx",
            "vapid_private_key": "xxxxx"
        },
        "notify-slack": {
            "webhook_url": "xxxxx"
        },
        "notify-sendmail": {
            "to": "admin@blog.example.com",
            "from": "schnack@blog.example.com"
        }
    },
    "oauth": {
        "secret": "xxxxx"
    },
    "date_format": "MMMM DD, YYYY - h:mm a"
}
